kode,path,icon,file_name,class_name,func_name,order_id,permission,parent_id/routes.kode,nama,status,type,app_id,is_menu,template,csrf
base-home,/,,__init__,Home,view_home,1,,,Home,1,0,,0,home.pt,
base-csrf,/csrf,,__init__,Home,view_csrf,1,,,CSRF,1,0,,0,json,
base-login,/login,,user_login,ViewAuth,view_login,1,,,Login,1,0,,0,form6.pt,1
base-logout,/logout,,user_login,ViewAuth,view_logout,1,,,Logout,1,0,,0,logout.pt,
base-passcode,/passcode,,user_login,ViewPassword,get_passcode,,view,,Get Passcode,1,0,,0,json,
base-password-reset,/password/reset,,user_login,ViewPassword,reset_password,,,,Reset Password,1,0,,0,form6.pt,
base-password,/password,,user_login,ViewPassword,change_password,1,view,,Change Password,1,0,,0,form8.pt,
base-password-request,/password/{code}/request,,user_login,ViewPassword,change_password_request,1,,,Change Password,1,0,,0,form8.pt,
base-profile,/profile,,register,,view_profile,,view,,Profile,1,0,,0,form8.pt,
base-register,/register,,register,,view_register,,,,Register,1,0,,0,form8.pt,
base-recreate-api-key,/recreate-api-key,,user_login,ViewPassword,recreate-api-key,,,,Get Api Key,1,0,,0,recreate-api-key.pt,
base-admin,#,,,,,,admin,,Administrator,1,0,,1,,
base-user,/user,bi bi-people,user,,view_list,,user-view,base-admin,User,1,0,,1,form.pt,
base-user-act,/user/{act}/act,,user,,,,user-view,base-user,User Action,1,0,,,json,
base-user-add,/user/add,,user,,,,user-edit,base-user,User Add,1,0,,,form8.pt,
base-user-edit,/user/{id}/edit,,user,,,,user-edit,base-user,User Edit,1,0,,,form8.pt,
base-user-view,/user/{id}/view,,user,,,,user-view,base-user,User View,1,0,,,form8.pt,
base-user-delete,/user/{id}/delete,,user,,,,user-edit,base-user,User Delete,1,0,,,form8.pt,
base-user-upload,/user/upload,,user,,,,user-edit,base-user,User Upload,1,0,,,form8.pt,
base-partner,/partner,bi bi-node-plus,partner,,view_list,,admin,base-admin,Partner,1,0,,1,form.pt,
base-partner-act,/partner/{act}/act,,partner,,,,admin,base-partner,Partner Action,1,0,,,json,
base-partner-add,/partner/add,,partner,,,,admin,base-partner,Partner Add,1,0,,,form6.pt,
base-partner-edit,/partner/{id}/edit,,partner,,,,admin,base-partner,Partner Edit,1,0,,,form6.pt,
base-partner-view,/partner/{id}/view,,partner,,,,admin,base-partner,Partner View,1,0,,,form6.pt,
base-partner-delete,/partner/{id}/delete,,partner,,,,admin,base-partner,Partner Delete,1,0,,,form6.pt,
base-partner-upload,/partner/upload,,partner,,,,admin,base-partner,Partner Uload,1,0,,,form6.pt,
base-permission,/permission,fa-solid fa-lock,permission,,view_list,,admin,base-admin,Permission,1,0,,1,form.pt,
base-permission-act,/permission/{act}/act,,permission,,,,admin,base-permission,Permission Action,1,0,,,json,
base-permission-add,/permission/add,,permission,,,,admin,base-permission,Permission Add,1,0,,,form6.pt,
base-permission-edit,/permission/{id}/edit,,permission,,,,admin,base-permission,Permission Edit,1,0,,,form6.pt,
base-permission-view,/permission/{id}/view,,permission,,,,admin,base-permission,Permission View,1,0,,,form6.pt,
base-permission-delete,/permission/{id}/delete,,permission,,,,admin,base-permission,Permission Delete,1,0,,,form6.pt,
base-permission-upload,/permission/upload,,permission,,,,admin,base-permission,Permission Uload,1,0,,,form6.pt,
base-groups,/groups,bi bi-collection,groups,,view_list,,admin,base-admin,Groups,1,0,,1,form.pt,
base-groups-act,/groups/{act}/act,,groups,,,,admin,base-groups,Groups Action,1,0,,,json,
base-groups-add,/groups/add,,groups,,,,admin,base-groups,Groups Add,1,0,,,form6.pt,
base-groups-edit,/groups/{id}/edit,,groups,,,,admin,base-groups,Groups Edit,1,0,,,form6.pt,
base-groups-view,/groups/{id}/view,,groups,,,,admin,base-groups,Groups View,1,0,,,form6.pt,
base-groups-delete,/groups/{id}/delete,,groups,,,,admin,base-groups,Groups Delete,1,0,,,form6.pt,
base-groups-upload,/groups/upload,,groups,,,,admin,base-groups,Groups Uload,1,0,,,form6.pt,
base-upload-logo,/upload/logo,bi bi-cloud-upload,,,,,admin,base-admin,Upload Logo,1,0,,1,upload.pt,1
googleOauth2,/googleOauth2,,,,,,,,Google Oauth2,1,1,,0,json,
googlesignin,/googlesignin,,,,,1,,,GoogleSignIn,1,1,,0,json,
base-departemen,/departemen,bi bi-diagram-3,departemen,,view_list,,admin,base-admin,Instansi,1,0,,1,form.pt,
base-departemen-act,/departemen/{act}/act,,departemen,,,,admin,base-departemen,Instansi Action,1,0,,,json,
base-departemen-add,/departemen/add,,departemen,,,,admin,base-departemen,Tambah Instansi,1,0,,,form6.pt,
base-departemen-edit,/departemen/{id}/edit,,departemen,,,,admin,base-departemen,Edit Instansi,1,0,,,form6.pt,
base-departemen-view,/departemen/{id}/view,,departemen,,,,admin,base-departemen,Lihat Instansi,1,0,,,form6.pt,
base-departemen-delete,/departemen/{id}/delete,,departemen,,,,admin,base-departemen,Hapus Instansi,1,0,,,form6.pt,
base-departemen-upload,/departemen/upload,,departemen,,,,admin,base-departemen,Upload Instansi,1,0,,,form6.pt,
departemen-chg,/departemen/change,,departemen_chg,,view_change,,dept-change,,Ubah Instansi,1,0,,,form.pt,
base-provinsi,/provinsi,bi bi-pin-map-fill,provinsi,,view_list,,admin,base-admin,Provinsi,1,0,,1,form.pt,
base-provinsi-act,/provinsi/{act}/act,,provinsi,,,,admin,base-provinsi,Provinsi Action,1,0,,,json,
base-provinsi-add,/provinsi/add,,provinsi,,,,admin,base-provinsi,Provinsi Add,1,0,,,form6.pt,
base-provinsi-edit,/provinsi/{id}/edit,,provinsi,,,,admin,base-provinsi,Provinsi Edit,1,0,,,form6.pt,
base-provinsi-view,/provinsi/{id}/view,,provinsi,,,,admin,base-provinsi,Provinsi View,1,0,,,form6.pt,
base-provinsi-delete,/provinsi/{id}/delete,,provinsi,,,,admin,base-provinsi,Provinsi Delete,1,0,,,form6.pt,
base-provinsi-upload,/provinsi/upload,,provinsi,,,,admin,base-provinsi,Provinsi Uload,1,0,,,form6.pt,
base-dati2,/dati2,bi bi-geo-alt-fill,dati2,,view_list,,admin,base-admin,Dati2,1,0,,1,form.pt,
base-dati2-act,/dati2/{act}/act,,dati2,,,,admin,base-dati2,Dati2 Action,1,0,,,json,
base-dati2-add,/dati2/add,,dati2,,,,admin,base-dati2,Dati2 Add,1,0,,,form6.pt,
base-dati2-edit,/dati2/{id}/edit,,dati2,,,,admin,base-dati2,Dati2 Edit,1,0,,,form6.pt,
base-dati2-view,/dati2/{id}/view,,dati2,,,,admin,base-dati2,Da/user/areati2 View,1,0,,,form6.pt,
base-dati2-delete,/dati2/{id}/delete,,dati2,,,,admin,base-dati2,Dati2 Delete,1,0,,,form6.pt,
base-dati2-upload,/dati2/upload,,dati2,,,,admin,base-dati2,Dati2 Uload,1,0,,,form6.pt,
base-kecamatan,/kecamatan,bi bi-pin-map-fill,kecamatan,,view_list,,admin,base-admin,Kecamatan,1,0,,1,form.pt,
base-kecamatan-act,/kecamatan/{act}/act,,kecamatan,,,,admin,base-kecamatan,Kecamatan Action,1,0,,,json,
base-kecamatan-add,/kecamatan/add,,kecamatan,,,,admin,base-kecamatan,Kecamatan Add,1,0,,,form6.pt,
base-kecamatan-edit,/kecamatan/{id}/edit,,kecamatan,,,,admin,base-kecamatan,Kecamatan Edit,1,0,,,form6.pt,
base-kecamatan-view,/kecamatan/{id}/view,,kecamatan,,,,admin,base-kecamatan,Kecamatan View,1,0,,,form6.pt,
base-kecamatan-delete,/kecamatan/{id}/delete,,kecamatan,,,,admin,base-kecamatan,Kecamatan Delete,1,0,,,form6.pt,
base-kecamatan-upload,/kecamatan/upload,,kecamatan,,,,admin,base-kecamatan,Kecamatan Uload,1,0,,,form6.pt,
base-desa,/desa,bi bi-geo-alt-fill,desa,,view_list,,admin,base-admin,Desa,1,0,,1,form.pt,
base-desa-act,/desa/{act}/act,,desa,,,,admin,base-desa,Desa Action,1,0,,,json,
base-desa-add,/desa/add,,desa,,,,admin,base-desa,Desa Add,1,0,,,form6.pt,
base-desa-edit,/desa/{id}/edit,,desa,,,,admin,base-desa,Desa Edit,1,0,,,form6.pt,
base-desa-view,/desa/{id}/view,,desa,,,,admin,base-desa,Desa View,1,0,,,form6.pt,
base-desa-delete,/desa/{id}/delete,,desa,,,,admin,base-desa,Desa Delete,1,0,,,form6.pt,
base-desa-upload,/desa/upload,,desa,,,,admin,base-desa,Desa Uload,1,0,,,form6.pt,
base-user-area,/user/area,bi bi-people,user_area,,view_list,,admin,base-admin,User-area,1,0,,1,form.pt,
base-user-area-act,/user/area/{act}/act,,user_area,,,,admin,base-user-area,User-area Action,1,0,,,json,
base-user-area-add,/user/area/add,,user_area,,,,admin,base-user-area,User-area Add,1,0,,,form6.pt,
base-user-area-edit,/user/area/{id}/edit,,user_area,,,,admin,base-user-area,User-area Edit,1,0,,,form6.pt,
base-user-area-view,/user/area/{id}/view,,user_area,,,,admin,base-user-area,User-area View,1,0,,,form6.pt,
base-user-area-delete,/user/area/{id}/delete,,user_area,,,,admin,base-user-area,User-area Delete,1,0,,,form6.pt,

base-partner-departemen,/partner/departemen,bi bi-diagram-3,posisi,,view_list,,admin,base-admin,Partner-departemen,1,0,,1,form.pt,
base-partner-departemen-act,/partner/departemen/{act}/act,,posisi,,,,admin,base-partner-departemen,Partner-departemen Action,1,0,,,json,
base-partner-departemen-add,/partner/departemen/add,,posisi,,,,admin,base-partner-departemen,Partner-departemen Add,1,0,,,form6.pt,
base-partner-departemen-edit,/partner/departemen/{id}/edit,,posisi,,,,admin,base-partner-departemen,Partner-departemen Edit,1,0,,,form6.pt,
base-partner-departemen-view,/partner/departemen/{id}/view,,posisi,,,,admin,base-partner-departemen,Partner-departemen View,1,0,,,form6.pt,
base-partner-departemen-delete,/partner/departemen/{id}/delete,,posisi,,,,admin,base-partner-departemen,Partner-departemen Delete,1,0,,,form6.pt,
base-jabatan,/jabatan,bi bi-person-badge,jabatan,,view_list,,admin,base-admin,Jabatan,1,0,,1,form.pt,
base-jabatan-act,/jabatan/{act}/act,,jabatan,,,,admin,base-jabatan,Jabatan Action,1,0,,,json,
base-jabatan-add,/jabatan/add,,jabatan,,,,admin,base-jabatan,Jabatan Add,1,0,,,form6.pt,
base-jabatan-edit,/jabatan/{id}/edit,,jabatan,,,,admin,base-jabatan,Jabatan Edit,1,0,,,form6.pt,
base-jabatan-view,/jabatan/{id}/view,,jabatan,,,,admin,base-jabatan,Jabatan View,1,0,,,form6.pt,
base-jabatan-delete,/jabatan/{id}/delete,,jabatan,,,,admin,base-jabatan,Jabatan Delete,1,0,,,form6.pt,
base-pangkat,/pangkat,bi bi-person-workspace,pangkat,,view_list,,admin,base-admin,Pangkat,1,0,,1,form.pt,
base-pangkat-act,/pangkat/{act}/act,,pangkat,,,,admin,base-pangkat,Pangkat Action,1,0,,,json,
base-pangkat-add,/pangkat/add,,pangkat,,,,admin,base-pangkat,Pangkat Add,1,0,,,form6.pt,
base-pangkat-edit,/pangkat/{id}/edit,,pangkat,,,,admin,base-pangkat,Pangkat Edit,1,0,,,form6.pt,
base-pangkat-view,/pangkat/{id}/view,,pangkat,,,,admin,base-pangkat,Pangkat View,1,0,,,form6.pt,
base-pangkat-delete,/pangkat/{id}/delete,,pangkat,,,,admin,base-pangkat,Pangkat Delete,1,0,,,form6.pt,
,,,,,,,,,,,,,,,
base-eselon,/eselon,bi bi-award,eselon,,view_list,,admin,base-admin,Eselon,1,0,,1,form.pt,
base-eselon-act,/eselon/{act}/act,,eselon,,,,admin,base-eselon,Eselon Action,1,0,,,json,
base-eselon-add,/eselon/add,,eselon,,,,admin,base-eselon,Eselon Add,1,0,,,form6.pt,
base-eselon-edit,/eselon/{id}/edit,,eselon,,,,admin,base-eselon,Eselon Edit,1,0,,,form6.pt,
base-eselon-view,/eselon/{id}/view,,eselon,,,,admin,base-eselon,Eselon View,1,0,,,form6.pt,
base-eselon-delete,/eselon/{id}/delete,,eselon,,,,admin,base-eselon,Eselon Delete,1,0,,,form6.pt,
,,,,,,,,,,,,,,,
base-printer,/printer,bi bi-printer,printers,,view_list,,printers,base-admin,Printer,1,0,,1,form.pt,
base-printer-act,/printer/{act}/act,,printers,,,,printers,base-printer,Printer Action,1,0,,,json,
base-printer-add,/printer/add,,printers,,,,printers,base-printer,Printer Add,1,0,,,form6.pt,
base-printer-edit,/printer/{id}/edit,,printers,,,,printers,base-printer,Printer Edit,1,0,,,form6.pt,
base-printer-view,/printer/{id}/view,,printers,,,,printers,base-printer,Printer View,1,0,,,form6.pt,
base-printer-delete,/printer/{id}/delete,,printers,,,,printers,base-printer,Printer Delete,1,0,,,form6.pt,
